 Category, Value, Question, Answer
HISTORY,$200 ,"For the last 8 years of his life, Galileo was under house arrest for espousing this man's theory",Copernicus
HISTORY,$400 ,"Built in 312 B.C. to link Rome & the South of Italy, it's still in use today",the Appian Way
HISTORY,$200 ,Historians refer to the Golden Age as the time during which Pericles ruled this city,Athens
HISTORY,$400 ,"Under the 1814 Treaty of Kiel, this country gave Norway to Sweden but kept Greenland & other islands",Denmark
SPORTS,$100 ,This Florida-born women's great who retired in 1989 wrote the World Book Encyclopedia article on tennis,Chris Evert
SPORTS,$200 ,In 1984 this quarterback became the first Boston College player to win the Heisman Trophy,Doug Flutie
SPORTS,$300 ,Babe Ruth's father once operated a saloon on what is now center field in this Baltimore ballpark,Oriole Park at Camden Yards
SPORTS,$400 ,"In the 1997 Belmont Stakes, Touch Gold dashed this ""charmed"" horse's Triple Crown bid",Silver Charm
SPORTS,$200 ,Ben Crenshaw & Phil Mickelson are the only 3-time winners of this college sport's championship tournament,golf
HISTORY,$200 ,"In 1991 B.C. Amenemhet, a former vizier, founded this country's 12th dynasty",Egypt
HISTORY,$400 ,"Because his proposals for constitutional change were defeated, this French president resigned in 1969",Charles de Gaulle
HISTORY,$100 ,"In 1429, she was given control of troops in France",Joan of Arc
HISTORY,$200 ,"Using photos he had taken the month before, Clyde Tombaugh discovered this planet February 18, 1930",Pluto
HISTORY,$300 ,In February 1984 he announced his resignation as Prime Minister of Canada,Trudeau
HISTORY,$400 ,Every president since Taft has been an honorary president of this organization founded in the U.S. in Feb. 1910,the Boy Scouts
HISTORY,$500 ,"In a 1778 treaty, the U.S. and France granted each other this commerce ""status""",most favored nation
HISTORY,$200 ,"Peregrine White, the 1st child born in New England of English parents, was born on this ship",the Mayflower
SPORTS,$200 ,"The new 23,500-seat U.S. Tennis Open Stadium is named for this star who died February 6, 1993",Arthur Ashe
SPORTS,$400 ,"Except for 1995, the NHL scoring title has gone to either Wayne Gretzky or this Penguins star the past 16 years",Mario Lemieux
SPORTS,$200 ,The ball used in this sport is about 11 inches long & about 7 inches wide at the center,Football
SPORTS,$400 ,"On Sept. 23, 1926 this heavyweight boxing champ lost his title to Gene Tunney in a decision",Jack Dempsey
SPORTS,$100 ,"In 1967 this New York Jets quarterback became the first pro to pass for more than 4,000 yards in a season",Joe Namath
SPORTS,$200 ,"Founded in 1897, it's the world's oldest annual marathon",the Boston Marathon
SPORTS,$300 ,"In 1991, after 12 seasons at the Salt Palace, this NBA team moved its home games to the Delta Center",the Utah Jazz
SPORTS,$400 ,In 1992 Viktor Petrenko won the world championship in this sport,ice skating (men's figure skating)
SPORTS,$500 ,"During his 1955-1966 career, this Dodger pitcher averaged 9.28 strikeouts per 9 innings",(Sandy) Koufax
SPORTS,$200 ,"Tennis serve that touches net before dropping into proper court, it's replayed",a let ball
SPORTS,$300 ,You win this when you pick the winners of 2 successive horse races,the Daily Double
SPORTS,$400 ,"What the letters in ""scuba"" stand for",self-contained underwater breathing apparatus
SPORTS,$500 ,"On an official archery target, it's the color of the bull's eye",yellow (or gold)
ANIMALS,$200 ,This Arctic bear's feet are webbed & have hairy soles,Polar bear
ANIMALS,$400 ,"Large feral populations of the ""mute"" species of this long-necked bird inhabit the Mid-Atlantic coast",Swans
HISTORY,$100 ,"In 1898 Britain leased the New Territories from China, adding to the area of this dependency",Hong Kong
HISTORY,$200 ,"In 1273 Rudolf I became the first from this family to rule the Holy Roman Empire, though he was never crowned",the Hapsburgs
HISTORY,$300 ,In January 1943 FDR & Winston Churchill met in this North African city to discuss the war effort,Casablanca
HISTORY,$400 ,In 1701 this pirate was hanged in London for murder & 5 counts of piracy,Captain Kidd
HISTORY,$500 ,"The first European to round Africa's southern tip, he was also on the voyage that discovered Brazil",Bartolomeo Diaz
ANIMALS,$100 ,A bat's hands serve as these,Wings
ANIMALS,$200 ,On a true sole both of these are on the right side of the head,Eyes
ANIMALS,$300 ,Lizard that's noted for its ability to walk on ceilings,Gecko
ANIMALS,$400 ,The South African rhebok is not an athletic shoe but a species of this,Antelope
ANIMALS,$500 ,"With ancestors as big as elephants, these slow beasts now just hang upside down in trees",Sloths
HISTORY,$100 ,"After years of construction, this canal finally opened for business August 15, 1914",Panama Canal
HISTORY,$200 ,"In 1794 this hero of Trafalgar lost the sight in his right eye due to a wound suffered while taking Calvi, Corsica",Lord Nelson
HISTORY,$300 ,Around 1605 Dutchman Willem Jansz became the first European to sight this continent,Australia
HISTORY,$400 ,"In February 1825 this ""liberator"" was elected president of Peru",Simon Bolivar
HISTORY,$500 ,"Founded in 1933, this Spanish political party was named for a Greek military formation",Falange
MUSIC,$400 ,Pernambuco or brazilwood is frequently used to make this accessory for string players,bows
SPORTS,$100 ,What Gary Player plays professionailly,golf
SPORTS,$500 ,"Boxer whose life was portrayed in ""Somebody Up There Likes Me""",Rocky Graziano
SPORTS,$100 ,He hit 110 home runs in 1996 & 1997 -- more than any player in 2 straight seasons except Babe Ruth,Mark McGwire
SPORTS,$200 ,Buster Douglas' 1990 knockout of this champ has been called the greatest heavyweight title upset,Mike Tyson
SPORTS,$300 ,"From 1977 to 1981, this NHL city's Blues played their home games in the Checkerdome",St. Louis
SPORTS,$500 ,Both John Elway & Jim Plunkett were NFL No. 1 draft choices from this university,Stanford
HISTORY,$200 ,She plotted against the French Revolution & gave military secrets to her brother Leopold II of Austria,Marie Antoinette
HISTORY,$400 ,"On November 15, 1920 the League of Nations held its first meeting in this city",Geneva
MUSIC,$200 ,"This ""Puff The Magic Dragon"" trio split up in 1970 & re-formed in 1978","Peter, Paul & Mary"
ANIMALS,$200 ,"With hind legs reaching up to 10 inches, it's the largest frog in the U.S.",Bullfrog
MUSIC,$400 ,In 1893 Francisco Fanciulli succeeded this man as leader of the U.S. Marine Band,John Philip Sousa
ANIMALS,$400 ,This cobra killer was introduced into the Western Hemisphere to kill rats but has done more harm to birds,Mongoose
HISTORY,$100 ,"When this man died in 1969, Ton Duc Thang, his vice-president, became president of North Vietnam",Ho Chi Minh
HISTORY,$200 ,"Estimates of when these people abandoned the city of Uxmal range from 600 to 1,000 years ago",Mayans
HISTORY,$300 ,Peter the Cruel & Joan the Mad ruled this Spanish kingdom sometimes paired with Leon & Aragon,Castille
HISTORY,$400 ,In 1935 the Saar territory was reunited with this country,Germany
HISTORY,$500 ,Juan Vincente Gomez was dictator of this South American country in 1918 when it first exploited its oil,Venezuela
MUSIC,$200 ,Accelerando means the music is getting faster; crescendo means it's getting this,louder
MUSIC,$400 ,One of Paganini's major works is the Concerto No. 1 in D Major for this instrument,the violin
ANIMALS,$100 ,"In the marsupial mole, hearing & this sense are poorly developed",Sight
ANIMALS,$200 ,"In the mistaken belief that it washes its food, it was given the scientific name lotor, meaning ""washer""",Raccoon
ANIMALS,$300 ,The Indian species of this cobra killer can be tamed when young,Mongoose
ANIMALS,$400 ,"In this type of crab, the male has a large claw & waves it like a violinist's bow",Fiddler crab
ANIMALS,$500 ,"Extinct for hundreds of years, the elephant bird weighed 1,000 pounds & lived on this east African island",Madagascar
SPORTS,$100 ,In 1996 Kent Steffes & Karch Kiraly won the first gold medal ever presented in this type of volleyball,Beach Volleyball
SPORTS,$200 ,This team's John Wetteland was named MVP of the 1996 World Series for saving all 4 wins,New York Yankees
SPORTS,$300 ,Only Wayne Gretzky & this Penguins star have scored over 190 points in an NHL season,Mario Lemieux
SPORTS,$400 ,In 1996 Johnny Miller was voted into this sport's Hall of Fame,golf
SPORTS,$500 ,This Dolphins coach has a yacht named Three Rings for his 2 Super Bowl titles & 1 college championship,Jimmie Johnson
ANIMALS,$400 ,"Type of squirrel that has a thin, extending membrane called a patagium",a flying squirrel
SPORTS,$200 ,"On August 5, 1991 Sergei Bubka became the first to exceed 20 feet in this track & field event",the pole vault
SPORTS,$400 ,"In a 2007 college football shocker, this team ended USC's 35-game home winning streak",Stanford
HISTORY,$100 ,"This volunteer cavalry unit organized by Teddy Roosevelt included miners, cowboys & college athletes",the Rough Riders
HISTORY,$200 ,Around 122 A.D. this emperor ordered a wall built to separate the Romans from the Barbarians,Hadrian
HISTORY,$300 ,The Yi dynasty ruled this country from 1392 until its annexation by Japan in 1910,Korea
HISTORY,$400 ,The Peace of Westphalia in 1648 ended this numerical war,Thirty Years' War
SPORTS,$100 ,"While the heights may change, these are the 2 types of diving boards",the springboard & the platform
SPORTS,$200 ,"Prior to par, this term was used for the score golfers should make, and was preceded by “Colonel”",Bogie
SPORTS,$300 ,Four letter word for all the gear used for controlling a horse in harness racing,tack
SPORTS,$400 ,"Though she came in 50th in this marathon, November 4, 1990, Wanda Panfil of Poland still got $26,385 & a car",the New York City Marathon
SPORTS,$500 ,If you form a polo team to take on Prince Charle,4
MUSIC,$200 ,"A composer's works are often numbered & appear with the abbreviation Op., which stands for this",Opus
MUSIC,$400 ,Earlier composers used these large drums in pairs; modern composers may use 3 or more,Timpani
MUSIC,$300 ,One of the 4 notes to which violin strings are tuned,"(1 of 4) A, D, E, or G"
MUSIC,$500 ,"In Italian this term for vocal music without instrumental accompaniment means ""as in the chapel""",a cappella
MUSIC,$100 ,"The ""Black or White"" video from his ""Dangerous"" album was directed by John Landis",Michael Jackson
MUSIC,$200 ,"This Big Band clarinetist's 1939 autobiography was titled ""The Kingdom of Swing""",Benny Goodman
MUSIC,$300 ,"Telma Hopkins & Joyce Wilson provided backup vocals for him on ""Tie a Yellow Ribbon Round the Ole Oak Tree""",Tony Orlando
MUSIC,$400 ,"His No. 1 country song ""A Boy Named Sue"" was recorded live at San Quentin Prison",Johnny Cash
MUSIC,$500 ,"This guitarist's ""Blues Summit"" was named Best Traditional Blues Album at 1994's Grammys",B.B. King
HISTORY,$100 ,In June 1987 she became the first British prime minister in the 20th c. elected to 3 straight terms,Margaret Thatcher
SPORTS,$100 ,"This Czech-born tennis star was the world's No. 1 ranked women's player 7 times, 1978-79 & 1982-86",Martina Navratilova
HISTORY,$200 ,"On September 23, 1949 President Truman announced that this country had detonated a nuclear device",Soviet Union/U.S.S.R./Russia
SPORTS,$200 ,In 1996 this Barry Switzer-coached team won a record fifth straight NFC East division title,Dallas Cowboys
HISTORY,$300 ,In 338 B.C. this country's Philip II defeated Thebes & Athens at the Battle of Chaeronea,Macedonia
SPORTS,$300 ,1 of 2 L.A. Lakers players to win the NBA's regular season MVP award,Kareem Abdul-Jabbar & Magic Johnson
HISTORY,$400 ,In 781 he persuaded Pope Adrian I to crown his sons Pepin & Louis kings of Italy & Aquitaine,Charlemagne
SPORTS,$400 ,"On July 17, 1994 this nation won a record fourth World Cup soccer title by beating Italy, 3-2 on penalty kicks",Brazil
HISTORY,$500 ,"""The Thousand"" was a novel written by this Italian guerrilla leader based on his 1860 Sicilian expedition",Giuseppe Garibaldi
SPORTS,$500 ,"This Florida quarterback won the Heisman Trophy in 1996, 30 years after his coach Steve Spurrier won it",Danny Wuerffel
SPORTS,$100 ,"At the 1992 Olympics, the U.S. Men's Basketball team was known by this rhyming name",the Dream Team
SPORTS,$200 ,Since the 1950s players from this continent have been the dominant force in table tennis,Asia
SPORTS,$300 ,This piece of fencing equipment is made of strong wire mesh & may be padded,a mask
SPORTS,$400 ,In swimming the butterfly stroke originated as a modification of this similar stroke,breaststroke
SPORTS,$500 ,"The origins of tennis go back to jeu de paume, a game in which the ball was struck with this body part",the palm of the hand
MUSIC,$100 ,"2-word ""bread-spread"" term for an impromptu performance by jazz musicians",jam session
MUSIC,$200 ,"One common type of this Russian lute usually has its three strings tuned to E, E & A above middle C",Balalaika
MUSIC,$300 ,Josef Lanner was one of the first composers to write music for this dance that evolved from the landler,Waltz
MUSIC,$400 ,"This 9-letter word can refer to any singer in a church, but in England it often means a choirboy",Chorister
MUSIC,$500 ,"Italian for ""going""; it's a musical direction to play in a moderate walking tempo",Andante
SPORTS,$200 ,"In 1988 after 8 seasons as the NHL's MVP, this center was traded by Edmonton to the L.A. Kings",Wayne Gretzky
SPORTS,$400 ,In 1991 Digger Phelps retired as coach of this school's basketball team with 393 career victories,Notre Dame
ANIMALS,$100 ,The silky & Yorkshire are toy breeds of this dog,Terrier
ANIMALS,$200 ,"Perhaps referring to its erratic behavior, the gnu is also called this",Wildebeest
ANIMALS,$300 ,The 2 popular breeds of dairy cattle named for Britain's 2 largest Channel Islands,Jersey & Guernsey
ANIMALS,$400 ,"Up to 50 feet in length, the whale species of this fish is the largest in the sea",Shark
ANIMALS,$500 ,"In summer, when its coat is brown, the ermine is referred to by this name",Stoat/Weasel
SPORTS,$100 ,At the 1924 Olympics he broke the 1-minute barrier in the 100-meter freestyle & he wasn't swinging on vines,Johnny Weissmuller
SPORTS,$200 ,In 1999 Nestor Chylak was the first of these inducted into the Baseball Hall of Fame since Bill McGowan in 1982,Umpire
SPORTS,$300 ,In 1994 this Dallas Cowboy scored 22 touchdowns; in 1995 he topped that with 25,Emmitt Smith
SPORTS,$400 ,In 1993 Werner Gunther of Switzerland threw one of these 72 feet 1 inch,Shot Put
SPORTS,$500 ,He was riding Affirmed in 1978 when he became the youngest jockey to win the Triple Crown,Steve Cauthen
HISTORY,$100 ,"The third of these military expeditions was led by Frederick I Barbarossa, Philip II & Richard the Lion-Hearted",the Crusades
HISTORY,$200 ,In 1513 he reached & named Florida,Ponce de León
HISTORY,$300 ,"In 1718 the British tracked down & killed this ""dark"" pirate in a North Carolina inlet",Blackbeard
HISTORY,$300 ,In 1946 the Ivory Coast was made an overseas territory of this country; in 1960 it gained its independence,France
HISTORY,$500 ,The treaty that ended the Russo-Japanese War in 1905 was named for this New Hampshire city,Portsmouth
ANIMALS,$200 ,"If a weasel pops by for lunch in the cold winter, you'll notice its coat is this color",White
ANIMALS,$400 ,Dabbling types of these include the pintail & teal,Ducks
ANIMALS,$100 ,The monkey-eating species of this bird lives in the Philippines; the bald species lives in the U.S.,the eagle
ANIMALS,$200 ,These birds range in size from the 1-foot blue to the 4-foot emperor,the penguin
ANIMALS,$300 ,"Group of mammals seen <a href=""http://www.j-archive.com/media/1998-06-01_J_28.jpg"" target=""_blank"">here</a>:  [like Timon in <i>The Lion King</i>]",meerkats
ANIMALS,$400 ,"It has webbed, padded toes & can drink over 20 gallons of water in a single drink",the camel
ANIMALS,$500 ,"This land animal can weigh more than 8,000 pounds & can open its immense jaws 150 degrees",the hippopotamus
ANIMALS,$100 ,"LIke other male bovines, adult male yaks are called these",Bulls
ANIMALS,$200 ,A hinny has an ass for a mother & one of these animals for a father,Horse
ANIMALS,$300 ,"To escape predators, many lizards break off this body part; it later regenerates",Tail
ANIMALS,$400 ,These stinging arachnids give birth to live young which cling to their mother's backs for several days,Scorpions
ANIMALS,$500 ,"This bear-like carnivore, a large member of the weasel family, is also known as the glutton",Wolverine
SPORTS,$100 ,"Game where ""dribbling"" is ""offensive""",basketball
SPORTS,$200 ,From early practice of pitcher facing west comes this baseball term for lefty,southpaw
SPORTS,$300 ,Football's imaginary plane which neither team may cross until the ball is snapped,the line of scrimmage
SPORTS,$400 ,"World's fastest sport, free-fall speeds of 614 MPH have been recorded in this",skydiving
SPORTS,$500 ,'50s middleweight champ some say was pound-for-pound the best boxer ever,Sugar Ray Robinson
SPORTS,$100 ,"According to USGA rules, 1 of 2 types of golf course hazards",Bunker & Water
SPORTS,$200 ,In 1987 Jim Abbott became the 1st in this sport to win the Sullivan Award for amateur athletes,baseball
SPORTS,$300 ,"In women's Olympic fencing, only this weapon is used",the foil
SPORTS,$400 ,1 of 2 National Hockey League teams to retire Gordie Howe's uniform number,Detroit Red Wings & Hartford Whalers
SPORTS,$500 ,The 3 cities that the National Football League Cardinals have represented,"Chicago, St. Louis & Phoenix"
MUSIC,$200 ,"In 1891 this Russian composer conducted his own ""Marche Solennelle"" opening week at Carnegie Hall",Tchaikovsky
MUSIC,$400 ,"Maria Theresa kissed him when he played for her court, but in France, Mme. de Pompadour refused to do so",W.A. Mozart
MUSIC,$100 ,"The ""lamento"" type of this operatic solo is a feature of early Italian operas",Aria
MUSIC,$200 ,This cellist is the son of a composer from Shanghai & a mezzo-soprano from Hong Kong,Yo-Yo Ma
MUSIC,$300 ,"An 1829 visit to Holyrood Palace in this city inspired Mendelssohn's ""Scottish Symphony""",Edinburgh
MUSIC,$400 ,This American pianist was in his 20s when he won the Tchaikovsky competition in Moscow in 1958,Van Cliburn
MUSIC,$500 ,"Composer who wrote the famous Hungarian Rhapsody No. 15, ""The Rakoczy March"", heard here",Franz Liszt
HISTORY,$200 ,"In the first Punic War, the troops of his father, Hamilcar Barca, were defeated by the Romans in Sicily",Hannibal
HISTORY,$500 ,"Abdicating the imperial throne on August 6, 1806, Francis II was its last ruler",the Holy Roman Empire
MUSIC,$200 ,"To perform Prokofiev's ""Romeo & Juliet"" an orchestra needs a pair of these gourd rattles",Maracas
MUSIC,$400 ,"Mozart dedicated 6 string quartets to this Austrian composer of ""The Creation""",Franz Josef Haydn
SPORTS,$100 ,Nickname for a football,a pigskin
SPORTS,$200 ,A filly becomes a mare at this age,4
SPORTS,$300 ,"According to rules, the strike zone in baseball extends from the batter's knees to here",his armpits
SPORTS,$400 ,This bowl game changes location every year,the Super Bowl
SPORTS,$500 ,The number of laps run in the Indy 500,200
SPORTS,$100 ,In 1957 this Cleveland team's Lou Groza became the first to lead the NFL in scoring without a touchdown,Browns
SPORTS,$200 ,"Fielding positions in this British game include wicketkeeper, square leg & gully",Cricket
SPORTS,$300 ,In 1995 the NHL's Quebec Nordiques moved to this city & became the Colorado Avalanche,Denver
SPORTS,$400 ,This Houston Rockets center won the NBA's Most Valuable Player award in 1994,Hakeem Olajuwon
SPORTS,$500 ,"With 30 tournament wins, Lisa Wagner is the women's career leader in this sport",Bowling
MOVIES,$100 ,"This ""Road Warrior"" became a ""Lethal Weapon"" in 1987",Mel Gibson
MOVIES,$200 ,"In ""20,000 Leagues Under the Sea"", James Mason played this slightly screwy sub skipper",Captain Nemo
MOVIES,$300 ,Richard Burton had a devil of a time directing himself in the film version of this Marlowe tragedy,"""Dr. Faustus"""
MOVIES,$400 ,"As TV reporter Kimberly Wells, she gave glowing reports in ""The China Syndrome""",Jane Fonda
MOVIES,$500 ,"In ""Father Goose"" he played a beachcomber who secretly spotted enemy planes during WWII",Cary Grant
ANIMALS,$400 ,"The World Wildlife Fund is working with the Chinese on a detailed survey of pandas & this, their only food",bamboo
MOVIES,$200 ,Barbra Streisand plays a psychiatrist in this 1991 film which she also directed & co-produced,"""The Prince of Tides"""
MOVIES,$400 ,Julia Roberts plays a law student on the run in this movie based on a John Grisham novel,"""The Pelican Brief"""
ANIMALS,$100 ,"The fact that this lizard's name is from the Greek for ""ground lion"" never changes",chameleon
ANIMALS,$200 ,"A giraffe's tail, which is about 3 feet long, is used to swat this bloodsucking fly that causes sleeping sickness",tsetse fly
ANIMALS,$300 ,"The suni, a small one of these graceful African mammals, is barely 15 inches high",antelope
ANIMALS,$400 ,"The common type of this marsupial has coarse, thick fur while that of the hairy-nosed is short & silky",wombat
ANIMALS,$200 ,"This bird's whooping call is said to carry 2 miles, & its courtship displays include a leaping dance",whooping crane
HISTORY,$100 ,A potato famine during the 1840s caused this island's population to decline by about 2 million,Ireland
HISTORY,$200 ,The Treaty of Versailles ended this war & set up the League of Nations,World War I
HISTORY,$300 ,Hernando Cortes conquered the Aztecs & Francisco Pizarro conquered this Indian empire,Incan
HISTORY,$400 ,"By the end of his reign in 1786, Frederick the Great doubled this kingdom's area",Prussia
HISTORY,$500 ,In 1977 this Ugandan leader survived at least one assassination attempt & 2 attempted coups,Idi Amin
MUSIC,$200 ,"Bop & bebop, which emerged in the 1940s, are styles of this type of music that debuted decades earlier",jazz
MUSIC,$400 ,"The French name of this 1897 orchestral scherzo is ""L'apprenti sorcier""",The Sorcerer's Apprentice
HISTORY,$400 ,"Stone tools were first used during this period known as the ""Old Stone Age""",Paleolithic
SPORTS,$100 ,In soccer only this player can touch the ball with his hands,Goalkeeper
SPORTS,$200 ,"This Toronto baseball club chose its name from more than 4,000 submitted by fans",Blue Jays
SPORTS,$300 ,"This New Jersey hockey team, Stanley Cup winners in 1995, didn't make the playoffs in 1996",New Jersey Devils
SPORTS,$400 ,"At the 1994 Olympics, this U.S. woman speed skater surpassed Eric Heiden's medal total",Bonnie Blair
SPORTS,$500 ,"This university's Orangemen routed Clemson 41-0 in the Jan. 1, 1996 Gator Bowl",Syracuse
HISTORY,$100 ,Legend says in 1811 & 1812 earthquakes on the Midwest's New Madrid Fault made this river run backwards,Mississippi River
HISTORY,$200 ,"Around 1200 this city became capital of a Muslim empire in India; its ""New"" version is India's capital today",Delhi
HISTORY,$300 ,Pope Paul III was a leader in this movement whose name implies it opposed Protestantism,the Counter-Reformation
HISTORY,$400 ,"""Rich"" in democracy, this country held some of Central America's first free elections in the 1890s",Costa Rica
HISTORY,$500 ,"This ""Great"" king who died in 4 B.C. married Mariamne, the last princess of the Maccabees' line",Herod the Great
HISTORY,$400 ,"During the 1930s America went through a period of hardship and poverty known as the ""Great"" this",Depression
HISTORY,$100 ,"From 1905-7, Austria & Serbia fought an economic ""war"" over tariffs, such as over this porcine animal",a pig
HISTORY,$200 ,The western jury system is thought to have been brought to England by these peoples in 1066,the Normans
HISTORY,$300 ,"Century known as the ""high Renaissance""",the 16th
HISTORY,$400 ,World power whose emperor gave up claims to divinity before it adopted a new constitution in 1947,Japan
HISTORY,$500 ,1957 U.S. policy allowing the president to use armed force in the Middle East,the Eisenhower Doctrine
SPORTS,$400 ,"In 2008 Kelvin Sampson found he could no longer phone it in as hoops coach of this ""Hoosier"" school",Indiana
ANIMALS,$400 ,Facial feature mentioned in the longer version of the platypus' name,duck bill
ANIMALS,$100 ,Most of the quills on the thin-spined species of this rodent are on its head,the porcupine
ANIMALS,$200 ,1 of only 2 species of eagle to breed in the U.S. & Canada,the golden eagle (or the bald eagle)
ANIMALS,$300 ,"The ornate chorus species of these tailless amphibians are less than 2"" in length",frogs
ANIMALS,$400 ,The siamang of Sumatra & Malaysia is the largest type of this smallest ape,a gibbon
ANIMALS,$500 ,This largest toothed whale is also called a cachalot,the sperm whale
ANIMALS,$100 ,The upper part of this turtle feature is called the carapace,Shell
ANIMALS,$200 ,A drone bee's only purpose in life is to do this with the queen & they do it in flight,Mate
ANIMALS,$300 ,The bulldog is a symbol of this country where it was developed,England
ANIMALS,$400 ,"Of sight, hearing, or smell, the sense that is best developed in most seals",Sight
ANIMALS,$500 ,"The 2 species of camel are the Arabian, also called the dromedary & this",Bactrian (2-Humped)
HISTORY,$100 ,"In 1869 it cut the travel distance between London & Bombay by over 4,000 miles",the Suez Canal
HISTORY,$200 ,"When Hannibal was 9, his father forced him to swear eternal hatred for this city",Rome
HISTORY,$300 ,"A March 31, 1492 edict in this country offered the Jews there the choice of baptism or exile",Spain
HISTORY,$400 ,"In 1324 Mali's ruler Mansa Musa made a 4,000-mile pilgrimage to this city, taking a reported 12,000 slaves",Mecca
HISTORY,$500 ,"In 751 Pepin the Short's title was changed from ""Mayor of the Palace"" to ""King of"" these people",the Franks
HISTORY,$200 ,"In 1893, New Zealand became the first country to give women this right",the right to vote
HISTORY,$400 ,"The 2 countries, which, in 1964, merged to form Tanzania",Tanganyika & Zanzibar
HISTORY,$500 ,"During World War II, the United States ruled this island on behalf of Denmark",Greenland
ANIMALS,$200 ,The largemouth species of this fish has a dark band along its side; the smallmouth species does not,Bass
ANIMALS,$400 ,The giraffe is the world's tallest mammal; this is the second tallest,Elephant
HISTORY,$100 ,In 1589 Boris Godunov got this country's Orthodox Church recognized as an independent patriarchate,Russia
HISTORY,$200 ,"When he went to Europe in 1971, he became the first reigning Japanese monarch to travel abroad",Hirohito
HISTORY,$300 ,In 1942 he replaced Gandhi as leader of India's National Congress Party,Nehru
HISTORY,$400 ,"In 1973 Menachem Begin helped form this Israeli political party, a merger of several smaller parties",Likud
HISTORY,$500 ,Great Britain gained most of Eastern Canada from France as a result of this war,the French & Indian War
HISTORY,$200 ,"In October 1936 he was named ""El Caudillo"" of nationalist Spain",Francisco Franco
HISTORY,$400 ,"The Domesday Book was compiled from a survey done in this year, 20 years after the Norman Conquest",1086
HISTORY,$200 ,The Meiji reforms of the 19th century permanently abolished this Japanese warrior class,samurai
HISTORY,$400 ,In 1966 this university's Public Policy program became the Kennedy School of Government,Harvard
MUSIC,$200 ,A male singing voice artificially producing tones above its normal range,a falsetto
MUSIC,$400 ,In Italian this instrument is the corno inglese,the English horn
HISTORY,$400 ,In 1500 Pedro Cabral sailed too far west in rounding Africa & spotted what is now this country on April 22,Brazil
HISTORY,$200 ,As a young man this Mongol leader entered the service of Toghril Khan,Genghis Khan
HISTORY,$400 ,"In 1926 Roald Amundsen flew over the North Pole in the Norge, this type of craft",a dirigible
SPORTS,$100 ,The first bobsled races were held in this mountainous country,Switzerland
SPORTS,$200 ,In 1910 the Intercollegiate Athletic Association changed its name to this,NCAA (National Collegiate Athletic Association)
SPORTS,$300 ,"A 5 iron is a mashie, a 9 iron is a niblick & this is a mashie niblick",7 Iron
SPORTS,$400 ,"Devised by Owen Patrick Smith, this sport was legalized in Florida in 1931",Greyhound/dog racing
SPORTS,$500 ,"Australian Rules, American & Association describe sports that are all named this",Football
SPORTS,$100 ,"On November 30, 1996 this Bulls player became the 10th in NBA history to reach 25,000 career points",Michael Jordan
ANIMALS,$100 ,"In 1956 it was discovered that hamsters could be infected with this ""common"" human malady",the common cold
SPORTS,$200 ,This German won 7 of 9 Wimbledon women's singles titles from 1988-1996,Steffi Graf
ANIMALS,$200 ,"Many American breeds of this animal, like the rambouillet, are raised more for their fleece than for meat",sheep
SPORTS,$300 ,"In 1996 Emmitt Smith, with $16.5 million, & this Dolphins QB, with $11.7 million, led the NFL in total earnings",Dan Marino
ANIMALS,$300 ,This crab's habit of waving its big claw gave it a musical name,the fiddler crab
SPORTS,$400 ,1 of 4 California stadiums that have hosted a Super Bowl,"(1 of) Jack Murphy, L.A. Coliseum, the Rose Bowl & Stanford Stadium"
ANIMALS,$400 ,In 1996 158 of these endangered marine mammals died in a red tide of toxic algae in Florida,manatees
SPORTS,$500 ,"In 1941 this Red Sox star led the major leagues in both batting average, .406, & home runs, 37",Ted Williams
ANIMALS,$500 ,The Canadian government has blamed the decline of this Atlantic food fish partly on the harp seal,the cod
SPORTS,$100 ,A little birdie told us an eagle is a score this many under par on one hole,2
SPORTS,$200 ,"He played in 2,130 consecutive games; no wonder he was the pride of the Yankees",Lou Gehrig
SPORTS,$300 ,"Prior to making Astros out of themselves, the Houston team thought they were ""big shots"" with this name",Colt .45's
SPORTS,$400 ,This Milwaukee NBA team moved to St. Louis in 1955 & then to Atlanta in 1968,Hawks
SPORTS,$500 ,This steel-driving thoroughbred retired in 1985 with career earnings of over $6.5 million,John Henry
SPORTS,$100 ,"From 1982-87, she held the top rank in tennis for all but 22 weeks of a 270-week stretch",Martina Navratilova
SPORTS,$200 ,"Dave ""Tiger"" Williams holds the career record for penalty minutes in this sport with 3,966",Ice Hockey
SPORTS,$300 ,This Dolphins quarterback has passed for over 400 yards in a single game a record 10 times,Dan Marino
SPORTS,$400 ,"In 1993, this Seattle center fielder tied a Major League record by hitting home runs in eight straight games","Ken Griffey, Jr."
SPORTS,$500 ,"In 1980, this U.S. speed skater became the first athlete to win five individual gold medals in one Olympics",Eric Heiden
ANIMALS,$200 ,One in every 6 known bird species makes its home in this rainforest,the Amazon
ANIMALS,$400 ,"Sputniks 5, 6, 9 & 10 also carried these animals into space, & most were recovered alive",dogs
MOVIES,$200 ,"To Dustin Hoffman this '82 film was a ""drag""",Tootsie
MOVIES,$400 ,"Film featuring March & Gaynor, Garland & Mason or Streisand & Kristofferson",A Star Is Born
MUSIC,$200 ,"Legend says one of Haydn's symphonies is nicknamed ""The Queen"" because this queen of France liked it",Marie Antoinette
MUSIC,$400 ,The name of this set of 12 Schumann piano pieces is French for butterflies,"""Papillon"""
SPORTS,$400 ,In 2008 this team won its 17th NBA championship by defeating the Lakers,the Boston Celtics
ANIMALS,$100 ,All but one of the domesticated breeds of this animal are derived from the mallard,Duck
ANIMALS,$200 ,The screech type of this creature may make its nest in a Saguaro cactus,Owl
ANIMALS,$300 ,The Weddell species of this animal can stay underwater for over an hour,Seal
ANIMALS,$400 ,"Similar to a wattle, it's the throat flap of Zebu cattle or the mole anole lizard",Dewlap
ANIMALS,$500 ,Dingoes go after these burrowing marsupials that come in a common & a hairy-nosed type,Wombats
ANIMALS,$100 ,"Lizards & these creatures, like pythons & cobras, make up the largest group of reptiles",Snakes
HISTORY,$100 ,"Only 7 prisoners were inside this fortress when it was stormed by French citizens July 14, 1789",The Bastille
ANIMALS,$200 ,Acacia leaves are the favorite food of this tallest mammal,Giraffe
HISTORY,$200 ,In 1923 it replaced Constantinople as the capital of Turkey,Ankara
ANIMALS,$300 ,"Found chiefly in Australia, the wallaby is a smaller type of this marsupial",Kangaroo
HISTORY,$300 ,"It's estimated that as many as 300,000 Ugandans were killed during his 1970s regime",Idi Amin
ANIMALS,$400 ,A white whale & a large white sturgeon prized for its caviar share this name,Beluga
HISTORY,$500 ,"In 1975, the Himalayan country of Sikkim was absorbed by this country",India
ANIMALS,$500 ,These performing horses trained at the Spanish Riding School in Vienna are bred elsewhere for farmwork,Lipizzaner Stallions
HISTORY,$500 ,"In January of 1926, Theodoros Pangalos declared himself dictator of this country - he was deposed in August",Greece
ANIMALS,$200 ,Its legs are 6 feet long & its neck can be even longer,a giraffe
ANIMALS,$400 ,Bactrian & dromedary are the 2 main types of this desert creature,a camel
ANIMALS,$400 ,"Pythons are oviparous, meaning they do this",lay eggs
MUSIC,$200 ,Composer baptized with the given names Joannes Chrysostomus Wolfgangus Theophilus,Wolfgang A. Mozart
MUSIC,$400 ,"Shakespeare mentioned this folk tune attributed to Henry VIII in ""The Merry Wives of Windsor""","""Greensleeves"""
HISTORY,$200 ,"The Magna Carta of 1215 & The Stamp Act Protest of 1765 opposed this ""without representation""",taxation
HISTORY,$400 ,The last Abbasid Caliph was killed in 1258 when these Asian warriors sacked Baghdad,the Mongols
HISTORY,$100 ,"In accepting this charter, King John acknowledged that he too was subject to the law of the land",Magna Carta
HISTORY,$200 ,"His son-in-law, Galeazzo Ciano, was executed by Fascists as a traitor in January 1944",Benito Mussolini
HISTORY,$300 ,Theodora helped save the Byzantine throne by keeping Justinian from fleeing this city during the Nika Riots,Constantinople
HISTORY,$400 ,The Osmanli Empire became known as this in English,Ottoman Empire
SPORTS,$100 ,A Japanese teacher named Jigaro Kano developed this modern version of jujitsu in the 1880s,Judo
SPORTS,$200 ,This noted horsewoman who competed at the Montreal Olympics in 1976 is also a princess,Princess Anne
SPORTS,$300 ,"Originally bred in India, it's the type of bull most often seen in bull riding contests",Brahma
SPORTS,$400 ,In 1947 she became the 1st American woman to win the British Women's Amateur golf tournament,Babe Didrikson Zaharias
SPORTS,$500 ,Romania's Maricica Puica won the infamous 1984 race in which these 2 runners collided,Zola Budd & Mary Decker Slaney
SPORTS,$100 ,"Regret, Genuine Risk & Winning Colors are the only fillies to win this Triple Crown race",Kentucky Derby
SPORTS,$200 ,This sterling silver yachting trophy was designed by London's Robert Garrard Crown jewelers in 1848,the America's Cup
SPORTS,$300 ,"American winners of this Olympic event include Bob Mathias, Rafer Johnson & Bruce Jenner",the decathlon
SPORTS,$400 ,The insignia of this National League baseball team features a mountain peak,the (Colorado) Rockies
SPORTS,$500 ,Bill Walton of this school was the outstanding player of the NCAA basketball tournament in 1972 & 1973,UCLA
SPORTS,$100 ,He's the only Chicago Bulls player named Rookie of the Year,Michael Jordan
SPORTS,$200 ,"On May 30, 1976 Johnny Rutherford won this rain-shortened auto race after driving only 255 miles",The Indianapolis 500
SPORTS,$300 ,In 1995 this New Jersey team won its first Stanley Cup by sweeping the Detroit Red Wings in 4 games,New Jersey Devils
SPORTS,$400 ,This American League team was once known as the Plymouth Rocks,Boston Red Sox
SPORTS,$500 ,"At 1 1/2 miles, this third leg of horse racing's Triple Crown is the longest of the 3 races",The Belmont Stakes
HISTORY,$200 ,In 2006 FEMA & the U.S. Geological Survey sponsored a conference commemorating the 100th anniversary of this event,the San Francisco earthquake
HISTORY,$400 ,In 1785 he graduated 42nd out of 58 at his military school in Paris,Napoléon Bonaparte
ANIMALS,$100 ,These rodents first got to America by stowing away on ships,rats
ANIMALS,$200 ,"There are about 40,000 muscles & tendons in this part of an elephant's body",the trunk
ANIMALS,$300 ,"When husbands ""pop"" for an ermine coat, they're actually buying this fur",weasel
ANIMALS,$400 ,"Close relative of the pig, though its name means ""river horse""",the hippopotamus
ANIMALS,$500 ,"If this species of hybrid's parents were reversed, you'd get a hinny",a mule
HISTORY,$100 ,"At the same time Joan of Arc led the French, Itzcoatl was leading this group in Mexico",Aztecs
HISTORY,$200 ,"People began digging up this Italian city in 1748, only 1,669 years after it was buried",Pompeii
HISTORY,$300 ,4 treaties to mitigate the horrors of war were signed in this city in August 1949,Geneva
HISTORY,$500 ,The Pope excommunicated her in 1570 after she made the Anglican church England's official religion,Elizabeth I
HISTORY,$500 ,This cardinal helped establish the Academie Francaise in the 1630s,Cardinal Richelieu
MUSIC,$400 ,"An odd subject for an opera, but composer John Adams wrote one about this president's 1972 trip to China",Richard Nixon
HISTORY,$200 ,"After finding this man, Henry Morton Stanley spent the next 4 months traveling with him",Dr. David Livingstone
ANIMALS,$200 ,"This extremely venomous snake, the largest of the mambas, is green when young",black mamba
HISTORY,$400 ,Around 1240 this mongol's grandson Batu founded the Golden Horde,Genghis Khan
ANIMALS,$400 ,"The Beluga type of this fish may weigh over 2,800 pounds",Sturgeon
MUSIC,$200 ,This tone poem by Richard Strauss was based on a book by Cervantes,Don Quixote
MUSIC,$400 ,"In boogie-woogie piano music, the left had plays this many beats to the bar repeatedly",eight
SPORTS,$100 ,"On July 9, 1922 this future movie Tarzan became the first to swim the 100-meter freestyle in under a minute",Johnny Weissmuller
SPORTS,$200 ,Kim Zmeskal & Shannon Miller are the only U.S. women to win the all-around title at these world championships,Gymnastics
SPORTS,$300 ,"Of the four Grand Slam golf tournaments, it's the only one played outside the U.S.",British Open
SPORTS,$400 ,"With a capacity of 63,000, this San Francisco ballpark is the National League's largest",Candlestick Park
SPORTS,$500 ,The first to win this Patriots' Day event was John McDermott in 1897,Boston Marathon
ANIMALS,$100 ,"On a turtle, it's made up of a carapace & plastron",Shell
ANIMALS,$200 ,Only gorillas & these other primates walk on their knuckles,Chimpanzees
ANIMALS,$300 ,Sapsuckers are a type of these birds that extract insects from trees by strokes of their bills,Woodpeckers
ANIMALS,$400 ,"Biologist Johannes Schmidt located the Sargasso Sea breeding area of this ""elongated"" freshwater fish",Eel
ANIMALS,$500 ,"These small, slender mammals often kept as pets were domesticated from the European polecat",Ferrets
SPORTS,$200 ,"The New York Giants' Monte Irvin said that this trailblazer ""opened the door of baseball to all men""",Jackie Robinson
SPORTS,$400 ,"This Green Bay Packer vied for Cameron Diaz' affection in the movie ""There's Something About Mary""",Brett Favre
ANIMALS,$100 ,"When threatened, the crested one of these erects & rattles its quills",Porcupine
ANIMALS,$200 ,Some Arabs believe the eggshells of these tallest birds are magical & use them to repel lightning,Ostriches
ANIMALS,$300 ,"The honey possum, a tiny marsupial, feeds on this sweet liquid, a favorite of hummingbirds",Nectar
ANIMALS,$400 ,The pocket gopher uses this almost hairless appendage as a sense organ to feel its way in the dark,Tail
ANIMALS,$500 ,"As its name implies, the geochelone elephantopus of the Galapagos is a really big one of these",Tortoise
SPORTS,$100 ,In 1941 this heavyweight boxing champ successfully defended his title a record 7 times,Joe Louis
SPORTS,$200 ,"The only NHL team from the U.S. to win the Stanley Cup in the 1980s was this Uniondale, NY based team",the New York Islanders
SPORTS,$300 ,"Star, Flying Dutchman & Tornado are classes in this Olympic sport",yachting
SPORTS,$400 ,In the 1960s & 1970s he was professional golf's leading money winner 8 times,Jack Nicklaus
SPORTS,$500 ,"On June 16, 1987, for the first time in a single meet, 3 men cleared 28' in this field event",the long jump
ANIMALS,$100 ,"In a matter of minutes, a school of these South American fish can reduce a large mammal to a skeleton",Piranha
ANIMALS,$200 ,"A popular performer at aquariums, this dolphin is named for the shape of its snout",Bottlenose dolphin
ANIMALS,$300 ,"These swift felines of Africa & Asia are also known as ""hunting leopards""",Cheetahs
ANIMALS,$400 ,The name of this graceful antelope may remind you of a classic Chevy,Impala
ANIMALS,$500 ,These Arctic rodents famous for their mass migrations are a favorite food of the snowy owl,Lemmings
MUSIC,$400 ,"You can get the Mahler ""Symphony of a Thousand"" with the London Philharmonic Orch. & London Philharmonic this",Choir
HISTORY,$100 ,"On Sept. 9, 1087, this English king died at Rouyn in Normandy after falling from his horse",William the Conqueror
HISTORY,$200 ,The first 18 years of this French king's reign were managed by Cardinal Mazarin,Louis XIV
HISTORY,$300 ,"As a child, Roman emperor Gaius Julius Caesar Germanicus was nicknamed this, meaning ""little boot""",Caligula
HISTORY,$400 ,In 1524 this Florentine navigator became the first European to visit the New York area,Giovanni da Verrazzano
HISTORY,$500 ,"This territory, known for its coal mines, voted to become part of Germany in 1935",The Saar
ANIMALS,$100 ,"Unlike other species of this polar bird, the emperor breeds in the winter months of May & June",Penguin
ANIMALS,$200 ,"The ""rainbow"" on this fish is a band of red on each of its sides",Trout
ANIMALS,$300 ,This pigeon relative is named for its sad cooing sound,Mourning dove
ANIMALS,$400 ,"The ""black"" species of this large horned mammal can grasp twigs with its upper lip",Rhinoceros
ANIMALS,$500 ,This colorful eagle is unpopular with U.S. sheep ranchers because it preys on rams,Golden eagle
SPORTS,$100 ,He scored 12 career goals in World Cup competition; now he's Brazil's special minister for sports,Pele
SPORTS,$200 ,"From 1987-1995, this German tennis star won 18 womens' singles Grand Slam tournaments",Steffi Graf
SPORTS,$300 ,"Other than the Olympics, this Romanian's only World Gymnastics Championship came in 1978 on the balance beam",Nadia Comaneci
SPORTS,$400 ,"In the 1980s, this Spaniard became the youngest golfer to win the Masters & helped Europe win 3 Ryder Cups",Seve Ballesteros
SPORTS,$500 ,Jacky Ickx has won this 24-hour French auto race a record 6 times,24 Hours of Le Mans
ANIMALS,$100 ,The largest of the seals is named for this largest land animal,Elephant Seal
ANIMALS,$200 ,1 of 2 egg-laying mammals of Australia,Duck-billed Platypus & Echidna
ANIMALS,$300 ,"The hide of this wild Tibetan ox is used for leather, & it's flesh is used for food",Yak
ANIMALS,$400 ,"With its single-twisted horn, it's known as ""the unicorn of the whale family""",Narwhal
ANIMALS,$500 ,"This fish, named for its ability to breathe out of water, can drown if held underwater",Lungfish
MUSIC,$200 ,"1968's ""Switched On Bach"" popularized the Moog type of this instrument",Synthesizer
MUSIC,$400 ,In musical notation this sign cancels a previous sharp or flat,Natural
MOVIES,$100 ,"In the series, this film falls between ""Star Wars"" & ""Return of the Jedi""","""The Empire Strikes Back"""
MOVIES,$200 ,"Mia Farrow, Whoopi Goldberg & Prince have all starred in films with this color in the title",Purple
MOVIES,$300 ,"Patsy Swayze, Patrick's mom, has a home video that'll teach you moves like her son made in this 1987 film","""Dirty Dancing"""
MOVIES,$400 ,"In 1989 he starred in 1 of the 3 ""New York Stories"" & as one of the ""Three Fugitives""",Nick Nolte
MOVIES,$500 ,"Estevez, Sheen, Sutherland, Phillips, Mulroney & Siemaszko collectively in a 1988 film","""Young Guns"""
MUSIC,$200 ,"Irving Berlin could play this instrument in 1 key only, so he used a special gadget to help him switch keys",Piano
MUSIC,$400 ,"This singer & his wife Linda wrote the Oscar-nominated theme song for the 007 film ""Live And Let Die""",Paul McCartney
ANIMALS,$100 ,This Arctic bear may travel 40 miles a day on ice floes,Polar bear
ANIMALS,$200 ,"In the mountain ""mist"" of central & w. Africa you can still find a few of these endangered mammals",Gorillas
ANIMALS,$300 ,It's the nearly extinct tiger seen here in its natural habitat:,Siberian tiger
ANIMALS,$400 ,In 1961 a federal law banned the importation of this South American fish into the U.S.,Piranha
ANIMALS,$500 ,"The Western Hemisphere's largest snake, it's also called a water boa",Anaconda
SPORTS,$200 ,Rosie Ruiz reportedly rode the subway to reach the finish line of this 1979 NYC race,New York City Marathon
SPORTS,$400 ,UCLA's football team has vanquished this crosstown rival in their last 8 matchups,USC (University of Southern California)
MUSIC,$400 ,"The ""Bodyguard"" soundtrack spawned her hit ""I Will Always Love You""",Whitney Houston
SPORTS,$100 ,In this mid-1980s this team from Edmonton won the NHL's Stanley Cup 4 years out of 5,the Oilers
SPORTS,$200 ,"Lyn St. James was named Rookie of the Year at this May 24, 1992 auto race, the first woman so honored",the Indianapolis 500
SPORTS,$300 ,"From 1976 to 1980, this Swede won 5 straight Wimbledon men's singles championships",Björn Borg
SPORTS,$400 ,"From 1964 through 1968, she was the U.S. women's figure skating champion",Peggy Fleming
SPORTS,$500 ,"While playing for this team, O.J. Simpson led the NFL in rushing yardage 4 times",the Buffalo Bills
HISTORY,$200 ,This island's harbor of Mandraki was once guarded by a colossal 120'-high statue,Rhodes
MUSIC,$200 ,"This ""low"" clef is also known as the F clef",bass clef
HISTORY,$400 ,"On his 1977 visit to Jerusalem, this Egyptian president prayed at the al-Aqsa mosque",Anwar Sadat
MUSIC,$400 ,Messe des Morts is the French term for this kind of mass,a mass of the dead (requiem)
HISTORY,$100 ,Sung T'ai Tsu founded this country's Sung dynasty in 960,China
HISTORY,$200 ,This island famous for its stone statues was annexed by Chile in 1888,Easter Island
HISTORY,$300 ,In 1860 the Second Maori War broke out in this country,New Zealand
HISTORY,$400 ,In 1989 this former Philippine leader died in exile in Hawaii,Ferdinand Marcos
HISTORY,$500 ,In 1521 Martin Luther was summoned to the Diet of this city to renounce his beliefs,Worms
SPORTS,$100 ,"On June 14, 1995 this team led by Hakeem Olajuwon won its second straight NBA title",Houston Rockets
SPORTS,$200 ,"In 1985 he became the first jockey to win over $100,000,000 in career purses",Willie Shoemaker
SPORTS,$300 ,"Muhammad Ali called his 1974 heavyweight fight with this recent champ the ""Rumble In The Jungle""",George Foreman
SPORTS,$400 ,He won the Indy 500 in 1992 & 1994; his father won the race on 4 previous occasions,"Al Unser, Jr."
SPORTS,$500 ,In 1944 swimmer Ann Curtis became the 1st woman to receive this award as the nation's oustanding amateur athlete,Sullivan Award
HISTORY,$100 ,The California Gold Rush started the first big wave of immigration from this Asian nation,China
HISTORY,$200 ,In the 1880s the Mahdi led a revolution in the Sudan to restore the prominence of this religion,Islam
HISTORY,$300 ,"As Secretary of War from 1904 to 1908, William Howard Taft oversaw construction of this waterway",Panama Canal
HISTORY,$400 ,In 1939 he wrote to FDR to present the military potential of an uncontrolled fission chain reaction,Albert Einstein
HISTORY,$500 ,"Born aboard the Mayflower in the New World, he grew up to be a captain of militia, & maybe a falconer too",Peregrine White
SPORTS,$100 ,"Co-captains of the 1992 Olympic basketball ""Dream Team"" were Magic Johnson & this Celtics star",Larry Bird
SPORTS,$200 ,This NFL team's logo features a pirate with a dagger in his mouth,the Tampa Bay Buccaneers
SPORTS,$300 ,"With a capacity of just 38,756, this Chicago Cubs stadium is the smallest in the National League",Wrigley Field
SPORTS,$400 ,"From 1927 to 1945, this World War I flying ace owned the Indianapolis Speedway",Rickenbacker
SPORTS,$500 ,"On July 4, 1919 this boxer from Manassa, Colo. defeated Jess Willard to win the world heavyweight title","(Jack) Dempsey (the ""Manassa Mauler"")"
MOVIES,$100 ,"Police equipment featured in ads for Clint Eastwood's ""Tightrope""",handcuffs
MOVIES,$200 ,"Bo Derek film released unrated so it wouldn't get an ""X""",Bolero
MOVIES,$300 ,"""Flashdance"" song whose lyrics were changed to make a mad killer a mad dancer","""Maniac"""
MOVIES,$400 ,"Gene Wilder's remake of the '77 French comedy ""Pardon mon Affaire""",The Woman in Red
MOVIES,$500 ,"""Taxi"" reverend who played bad guys in ""Star Trek III"" & ""Buckaroo Banzai""",Christopher Lloyd
HISTORY,$200 ,"After meeting this rival liberator in 1822, San Martin left South America",Simon Bolivar
HISTORY,$400 ,In 1616 Dutch explorer Willem Schouten rounded this cape that he named for his home town,Cape Horn
SPORTS,$400 ,The complicated rating system for this position includes percentage of interceptions per attempt,Quarterback
MUSIC,$200 ,"Usually, a prelude is an introduction to a fugue & this is one to an opera",Overture
MUSIC,$400 ,"Detache, richochet & tremolo are ways to use this on a violin",Bow
ANIMALS,$100 ,"In the Middle Ages this insect was dedicated to the Virgin & called ""The Beetle Of Our Lady""",Ladybug/Ladybird Beetle
ANIMALS,$200 ,Smaller forms of these birds are usually called doves,Pigeons
ANIMALS,$300 ,The largest members of this phylum are the giant squids & the smallest are snails,Mollusks
ANIMALS,$400 ,These arachnids differ from true spiders by the extreme length & thinness of their legs,Daddy Longlegs
ANIMALS,$500 ,"Surprisingly, the white, or beluga, species of this mammal can be found in the St. Lawrence River",Whale
SPORTS,$100 ,Tommy Lasorda managed this team to 4 National League pennants & 2 World Series championships,Los Angeles Dodgers
SPORTS,$200 ,The Vancouver Grizzlies & the Toronto Raptors are the newest franchises in this professional sport,Basketball
SPORTS,$300 ,"NHL teams that have moved to new, luxury box-filled arenas include the Boston Bruins & this city's Sabres",Buffalo
SPORTS,$400 ,"On November 19, 1996, he announced his retirement as Notre Dame football coach after an 11-year stint",Lou Holtz
SPORTS,$500 ,This golfing cup was presented by & named for a British seed merchant & was first awarded in 1927,Ryder Cup
ANIMALS,$100 ,"Even in the wild, this largest of apes takes a midday nap",gorilla
ANIMALS,$200 ,Name for both Chinese gooseberry & people of New Zealand comes from this bird,kiwi
ANIMALS,$300 ,"The only 2 venomous species of lizards, Gila monsters & beaded lizard, are native to this continent",North America
ANIMALS,$400 ,Cat-like animal raised for the secretions it produces which are used to make perfumes,civet
ANIMALS,$500 ,"According to New York's Bronx Zoo, it's ""the most dangerous animal in the world""",man
SPORTS,$100 ,"With 16, this team has won more NBA titles than any other",Boston Celtics
SPORTS,$200 ,Brothers Phil & Tony Esposito were both named to the hall of fame for this sport,Hockey
SPORTS,$400 ,The Nabisco Dinah Shore is one of the 4 events making up the Grand Slam of this sport for women,Golf
SPORTS,$500 ,This NFL quarterback is a great-great-great-grandson of Brigham Young,Steve Young
HISTORY,$200 ,"As a result of the Six-Day War of 1967, this Middle East canal remained closed until 1975",Suez Canal
HISTORY,$400 ,It was the last Indian empire in Mexico & Central America,Aztecs
SPORTS,$200 ,"After 36 seasons in this stadium named for a U.S. senator, the Redskins moved to a new facility in Sept. 1997",RFK (Robert F. Kennedy) Stadium
SPORTS,$400 ,He was the NBA's Coach of the Year twice: once with the Lakers & once with the Knicks,Pat Riley
ANIMALS,$100 ,"Like its giant relative, the lesser variety of this is also a bamboo eater",Panda
ANIMALS,$200 ,The macropis rufus; it can lean back on its tail to free its hind feet for use as weapons,Kangaroo
ANIMALS,$300 ,"A few of these large bovines still exist in the wild in Tibet at elevations over 14,000 feet",Yak
ANIMALS,$400 ,An elephant has 5 toes on a front foot & a camel has this many,2
ANIMALS,$500 ,They're the tallest North American birds,Whooping Cranes
MUSIC,$200 ,"While the military type of this composition is usually fast & upbeat, the funeral type is slow & somber",March
MUSIC,$400 ,"A famous series of concertos by Vivaldi, or Frankie Valli's group","""The Four Seasons"""
MUSIC,$400 ,"From the passage heard here, it's the common nickname of the following symphony by Haydn","""The Surprise Symphony"""
ANIMALS,$100 ,"Asia's only lions live in Gir Forest, about 200 miles northwest of Bombay in this country",India
ANIMALS,$200 ,The sting family of this fish has sharp poisonous dorsal spines near the tail,Ray
ANIMALS,$300 ,"Australia has over 300 species of these animals, including skinks, geckos & giant goannas",Lizards
ANIMALS,$400 ,This dark fluid is secreted by cuttlefish & other cephalopods,Ink
ANIMALS,$500 ,"Named for the texture of its shells, it's the largest living turtle",Leatherback
HISTORY,$200 ,This European capital was divided in 1948 & not reunified until 1990,Berlin
HISTORY,$400 ,This structure on Athens' Acropolis was badly damaged in 1687 during a Venetian bombardment,The Parthenon
SPORTS,$100 ,"With a 1996-97 salary of $30 million, he's the NBA's highest-paid player",Michael Jordan
SPORTS,$200 ,"On November 9, 1996 he beat Mike Tyson to win the heavyweight boxing title for the third time",Evander Holyfield
SPORTS,$300 ,"In the 1997 Sugar Bowl, this team won its 1st national football title by defeating Florida State, 52-20",University of Florida
SPORTS,$400 ,"In his first 2 months on the pro golf tour in 1996, this 20-year-old won almost $800,000",Tiger Woods
SPORTS,$500 ,The last 5 NL Rookies of the Year have been members of this west coast team,Los Angeles Dodgers
MUSIC,$200 ,"This German ""lullaby"" composer gave his first public recital at 14",Johannes Brahms
MUSIC,$400 ,It's a sign indicating the pitch of the notes on a musical staff; treble is one type,Clef
ANIMALS,$200 ,"Although these huge animals are generally docile, when the bulls go into musth they can turn violent",elephants
ANIMALS,$400 ,The largest member of the cat family,tiger
MOVIES,$100 ,Movie question posed by Barbra Streisand & Bugs Bunny,"What's up, doc?"
MOVIES,$200 ,Dustin Hoffman & Alec Guinness were considered for this role that won an Oscar for Ben Kingsley,Gandhi
MOVIES,$300 ,"Some of the character names rejected for this classic were ""Gaspy"", ""Daffy"", & ""Snoopy""",Snow White and the Seven Dwarfs
MOVIES,$400 ,"The make of car that starts up immediately after 200 years in Woody Allen's ""Sleeper""",Volkswagen Beetle
MUSIC,$200 ,"Also known for his virtuosity on the pennywhistle, this Irish flautist has taught at the Eastman School",James Galway
MUSIC,$400 ,"He composed the ""Eroica Variations"" before he wrote the ""Eroica Symphony""",Ludwig van Beethoven
ANIMALS,$100 ,"Among bears, this is the best swimmer",Polar bear
ANIMALS,$200 ,The jackrabbit isn't really a rabbit but one of these relatives,Hare
ANIMALS,$300 ,"Like this similarly named mammal, the aardwolf eats mainly termites",Aardvark
ANIMALS,$400 ,The Viceroy type of this insect is protected by its resemblance to the bad-tasting Monarch,Butterfly
ANIMALS,$500 ,"There are 3 species of bluebird but over 20 of these birds, including grackles",Blackbirds
ANIMALS,$200 ,"In a children's tale, Jack traded one of these barnyard animals for some magic beans",cow
ANIMALS,$400 ,Yipes Stripes!  The Grevy species of this was named for a president of France,zebra
ANIMALS,$200 ,"Like the falcon or hawk, the shrike is classified as a bird of this",Prey
ANIMALS,$400 ,Almost 99% of a jellyfish's body is made of this substance,Water
ANIMALS,$100 ,"""Sly"" creature sought by sportsmen riding to hounds",a fox
ANIMALS,$200 ,"The ""ship of the desert""",a camel
ANIMALS,$300 ,"The children are poults, the mothers, hens & the fathers,toms",turkeys
ANIMALS,$400 ,Name of the sport of hunting birds with other birds,falconry
ANIMALS,$500 ,Floating sea creature named by sailors for the Iberian fighting ship it resembles,the Portuguese man-of-war
HISTORY,$100 ,By the 6th century this group had joined with the Angles to found kingdoms in Britain,Saxons
HISTORY,$200 ,Ponce de Leon's 1513 quest was to find this legendary spring; they didn't have facelifts back then,Fountain of Youth
HISTORY,$300 ,This daughter of Chief Powhatan became a Christian & married an Englishman in 1614,Pocahontas
HISTORY,$400 ,In 1519 he sailed from Cuba to conquer the Aztec empire,Hernando Cortez
HISTORY,$500 ,Some call this son of Pepin & king of the Franks the Father of Europe,Charlemagne
ANIMALS,$200 ,It's the only Asian great ape,the orangutan
ANIMALS,$400 ,It's what an archerfish shoots to bring down insects,water
MUSIC,$400 ,"Contrapuntal is the adjectival form of this, the combination of melodic lines",counterpoint
SPORTS,$100 ,This offshoot of soccer is named for a school in England,rugby
SPORTS,$200 ,"The overarm ""crawl"" swimming stroke was introduced to England in 1902 from this country",Australia
SPORTS,$300 ,"Springfield, Massachusetts is site of this sport's Hall of Fame",basketball
SPORTS,$400 ,Marks which distinguish Wilson footballs used in college games from the ones they make for the pros,(white) stripes
SPORTS,$500 ,"When he KO'd Ingemar Johansson, 6/20/60, he became 1st man to regain heavyweight championship",Floyd Patterson
MUSIC,$400 ,The Everly Brothers sang close two-part ones,harmonies
ANIMALS,$200 ,A female sheep is called a ewe; this term refers to a male sheep,Ram
ANIMALS,$400 ,Receptors on the bill of this duckbilled mammal can detect electric fields which guide it to its prey,Platypus
ANIMALS,$200 ,This lizard of the Southwest is the USA's largest poisonous lizard,Gila Monster
ANIMALS,$400 ,It's the only living mammal in the order Proboseidea,Elephant
MUSIC,$200 ,"This man's aria ""Ombra Mai Fu"" from ""Xerxes"" is not as famous as his ""Hallelujah Chorus""",Handel
MUSIC,$400 ,"Liszt, Borodin & Rimsky-Korsakov all wrote variations of this simple waltz","""Chopsticks"""
SPORTS,$200 ,"The Greeks reckoned time from this event, first held in Olympia in 776 B.C.",the Olympics
HISTORY,$200 ,In 1978 this European country created a new canton for French-speaking Catholics,Switzerland
HISTORY,$400 ,"While mayor of Paris, he lost twice to Francois Mitterand in elections for the French presidency",Jacques Chirac
SPORTS,$100 ,The Arnold Palmer Award is given for the highest annual earnings in this sport,Golf
SPORTS,$200 ,"On January 6, 1997 Peter O'Malley announced this baseball team was for sale",Los Angeles Dodgers
SPORTS,$300 ,"This Atlanta team's Lenny Wilkens is the only active coach with more than 1,000 career NBA victories",Atlanta Hawks
SPORTS,$400 ,1 of 2 teams that have won 5 Super Bowls,Dallas Cowboys & San Francisco 49ers
SPORTS,$500 ,The U.S.O.C. named Dot Richardson this Olympic sport's 1996 Female Athlete of the Year,Softball
HISTORY,$200 ,Omar Khayyam's ancient Iran,Persia
HISTORY,$400 ,Ancient Yucatan tribe that had no schools but were excellent astronomers,the Mayans
HISTORY,$200 ,"Tho this country was given independence in 1922 under King Fuad I, British troops remained",Egypt
HISTORY,$400 ,"Finland was never an independent country until 1917, when it broke away from this country","Russia, U.S.S.R."
HISTORY,$100 ,In 1993 he hinted that he'd be willing to give up power if the U.S. ended its embargo of Cuba,Fidel Castro
ANIMALS,$100 ,This continent is home to both pacas & alpacas,South America
HISTORY,$200 ,"In 1951 Macao became an overseas province of this country, & in 1974 a ""Special Territory""",Portugal
ANIMALS,$200 ,One of these chilopoda arthropods has as many as 177 pairs of legs; most have 15 to 23 pairs,Centipede
HISTORY,$300 ,In 1867 Emperor Franz Joseph created this dual monarchy,Austria-Hungary
ANIMALS,$300 ,"A female one of the gypsy species of this insect can lay over 1,000 eggs at one time",Moth
HISTORY,$400 ,A skirmish over the theft of one of the Discovery's boats led to this explorer's murder in 1779,Captain James Cook
ANIMALS,$400 ,"To count a pair of these carnivorous sea snails, say ""A-one-an-a-two""",Whelks
HISTORY,$500 ,"Tradition says this country's first emperor, Menelik I, was the son of King Solomon & the Queen of Sheba",Ethiopia
ANIMALS,$500 ,The domestic one of these evolved from the mouflon & urial,Sheep
HISTORY,$200 ,"On December 2, 1804 this man crowned himself emperor",Napoleon Bonaparte
HISTORY,$400 ,"Around 600 B.C. some Phoenicians claimed to have sailed around this continent, 2,000 years before the Portuguese",Africa
ANIMALS,$100 ,Part of its body where you'll find a warthog's warts,its face
ANIMALS,$200 ,Owls are among the few birds to have these on the front of their heads,their eyes
ANIMALS,$300 ,Most lampreys live by attaching themselves to these,other fish
ANIMALS,$400 ,"When grasshoppers or other Orthoptera are stridulating, they're producing this",a song (or a sound)
ANIMALS,$500 ,"Varieties of these insects include bee, soldier, flower, blow & fruit",flies
SPORTS,$100 ,"The Borg-Warner Trophy, a replica of which is awarded at this May auto race, is insured for $1 million",Indianapolis 500
SPORTS,$200 ,Tom Landry coached this team to 270 wins during his 29-year career,Dallas Cowboys
SPORTS,$400 ,"Long jump rival Mike Powell reportedly called him ""The best track and field athlete ever""",Carl Lewis
SPORTS,$500 ,"A row of purple seats rings this ball park to mark a spot that's exactly 5,280 feet above sea level",Coors Field (the home of the Colorado Rockies)
HISTORY,$100 ,In 1493 he reached Montserrat in the West Indies & named it for a Spanish mountain,Christopher Columbus
HISTORY,$200 ,From 1815 to 1861 this principality on the Riviera was under the protection of Sardinia,Monaco
HISTORY,$300 ,In 1855 this victor at the Alamo was deposed as Mexican dictator & fled to the Caribbean,Santa Anna
HISTORY,$400 ,"Tangier was returned to this north African nation in 1956, after 33 years of international control",Morocco
ANIMALS,$200 ,A young kangaroo rides around in this until it's big enough to take care of itself,pouch
HISTORY,$200 ,"On August 4, 1939 he declared himself Chief Of State in Spain",(Francisco) Franco
ANIMALS,$400 ,The Silky & Yorkshire breeds of this dog are classified as toys,Terriers
HISTORY,$400 ,In 1867 the last of these Japanese military directors was forced to resign,Shogun
SPORTS,$100 ,"In 1997 this event began at Rouen with a 4 1/2 mile time trial called the ""Prologue""",Tour de France
SPORTS,$200 ,"Until 1991 this NBA star's name was listed as ""Akeem"" because the ""H"" is silent in his native language",Hakeem Olajuwon
SPORTS,$300 ,"Known as ""Mr. October"", he hit his 500th home run on Sept. 17, 1984, becoming the 13th player to do so",Reggie Jackson
SPORTS,$400 ,"At the 1972 Munich Olympics, he swam in 7 events, including relays, & won all in world record times",Mark Spitz
SPORTS,$500 ,"In the Preakness, mums are painted to resemble this out-of-season ""bruised"" daisy on the winner's blanket",Black-eyed Susan
SPORTS,$100 ,"Sport which uses epees, foils & sabres",fencing
SPORTS,$200 ,Name given to annual competition among U.S. amateur boxers,the Golden Gloves
SPORTS,$300 ,Number of downs allowed in Canadian football to advance the ball 10 yards,3
SPORTS,$300 ,"Because of WWII, these 2 NFL teams combined squads in '43 to become the ""Stegles""",the Steelers and Eagles
SPORTS,$500 ,Ex-Boston Celtics' star who has refused induction into Basketball Hall of Fame,Bill Russell
MUSIC,$200 ,"4th note of the musical scale or ""a long, long way to run""",fa
MUSIC,$400 ,"Piano style sprung from the blues, it describes Bette's ""Bugle Boy""",boogie-woogie
HISTORY,$400 ,"On June 25, 1876 he decided to attack a group that included Crazy Horse; oops",Custer
ANIMALS,$100 ,The robber crab is known for climbing palms to feed on these,Coconuts
ANIMALS,$200 ,The part of the male lyrebird that's shaped like a lyre,Tail
ANIMALS,$300 ,"The flying fox isn't a type of fox, but a type of this",Bat
ANIMALS,$400 ,In 1921 Banting & Best controlled diabetes in these animals with insulin; man came later,Dogs
MOVIES,$100 ,"Tom Hanks & Carrie Fisher were ""Jeopardy!"" fans in this black comedy of life in suburbia",The Burbs
MOVIES,$200 ,"Cassandra Peterson co-wrote & starred in a 1988 film about this ""Mistress of the Dark""",Elvira
MOVIES,$300 ,Kathleen Turner fainted after she was elected queen of her high school reunion in this 1986 film,Peggy Sue Got Married
MOVIES,$400 ,"According to the title of an animated 1989 film, ""All Dogs"" do this",Go to Heaven
MOVIES,$500 ,"She not only starred in ""Nuts"", she produced it & wrote some of the music",Barbra Streisand
SPORTS,$100 ,"This Los Angeles Kings hockey player is known as ""The Great One""",Wayne Gretzky
SPORTS,$200 ,It's the only NFL team that currently plays its home games in New York state,Buffalo (Bills)
SPORTS,$300 ,"This ""sweet"" fighter won the world middleweight boxing title a record 5 times from 1951-1958","(""Sugar Ray"") Robinson"
SPORTS,$400 ,In 1930 he became the first & only man to sweep golf's four Grand Slam tournaments,Bobby Jones
SPORTS,$500 ,In 1964 & 1965 The Sporting News named this future senator College Player of the Year in basketball,Bill Bradley
ANIMALS,$100 ,Rattlesnakes belong to the pit group of this snake family,vipers
ANIMALS,$200 ,"The silvery blue, the spring azure & the common oakblue are blue-winged types of this beautiful insect",butterfly
ANIMALS,$300 ,This tall bird whose scientific name is Struthio camelus is nicknamed the camel bird,ostrich
ANIMALS,$400 ,"The Patagonian cavy, which resembles a hare, belongs to this order of mammals",rodents
ANIMALS,$500 ,"Found in Africa, the colobus type of this mammal often has distinctive black & white fur",monkey
SPORTS,$100 ,Lauren Bacall could tell you it's the term used for 1 stroke over par in golf,Bogey
SPORTS,$200 ,In 1968 Olympic gold medalist Jim Hines became the 1st man to run this race in under 10 seconds,100 meter dash
SPORTS,$300 ,"In this team sport, the neutral zone is located between 2 blue lines",ice hockey
MUSIC,$200 ,Some say man's 1st musical instrument was the flute; others say it was this percussion type,Drum
MUSIC,$400 ,"In the 1960's, Robert A. Moog developed this instrument used in classical & pop music",Synthesizer
SPORTS,$400 ,"In NASCAR, it's the number of the turn at the end of the front straightaway",one
SPORTS,$100 ,Since 1947 teams competing in this Pasadena bowl game have come from the Pac 10 & Big 10 conferences,Rose Bowl
MUSIC,$100 ,A carol is a simple occasional song most often associated with this holiday,Christmas
SPORTS,$200 ,"On Nov. 5, 1994 he became the oldest to win a heavyweight title -- or any boxing title -- at age 45",George Foreman
MUSIC,$200 ,This form of light opera with spoken dialogue evolved from the opera comique & led to the musical,Operetta
SPORTS,$300 ,"In 1993 this Philadelphia 76ers player nicknamed ""Dr. J"" was inducted into the Basketball Hall of Fame",Julius Erving
MUSIC,$300 ,This brass instrument may be fitted with valves either replacing the slide or in addition to it,Trombone
SPORTS,$400 ,"The 4 basic events in women's gymnastics are floor exercise, uneven parallel bars, vault & this event",Balance Beam
MUSIC,$400 ,"An instrumental piece usually for one musician, its name comes from Toccare, Italian for ""to touch""",Toccata
SPORTS,$500 ,"On Sept. 5, 1993 Noureddine Morceli of Algeria set the world record in this event at 3:44.39",The Mile
MUSIC,$500 ,Malaguena is a sub-type of this Spanish or Andalusian song style,Flamenco
SPORTS,$100 ,"It's where relief pitchers, not matadors, warm up",the bullpen
SPORTS,$200 ,"Because of this rule, no horse has ever won the Kentucky Derby twice",(only) a 3-year old (can run)
SPORTS,$400 ,He shouts the commands in crew racing,coxswain
MUSIC,$400 ,"If your sheet music is marked ""strepitoso"", you must play this way, no matter who's asleep",loudly
SPORTS,$200 ,"In 1985, at 17, he became Wimbledon's youngest & only unseeded winner of men's singles",Boris Becker
SPORTS,$400 ,"Originally Italian for gondola race, it's a racing meet that might be held on the Thames",a regatta
HISTORY,$200 ,In 1856 France joined Britain in a second Opium War with this country,China
HISTORY,$400 ,"It was seized by Iranian militants on November 4, 1979 & held for over 400 days",the American embassy
SPORTS,$100 ,"The Iron Man Triathlon consists of a 2.4-mile swim, a 112-mile bike race & this 26.2-mile run",Marathon
SPORTS,$200 ,"On August 6, 1994 Jeff Gordon won the Brickyard 400, the first stock car race on this track",Indianapolis Motor Speedway
SPORTS,$300 ,In the 1920s & 1930s Helen Wills Moody was the top-ranked women's player in this sport a record 9 times,Tennis
SPORTS,$400 ,"In 1930 this golfer became the first recipient of the AAU's Sullivan Award, as the year's top male athlete",Bobby Jones
SPORTS,$500 ,This jockey is the only man to ride 2 Triple Crown winners: Whirlaway & Citation,Eddie Arcaro
MUSIC,$200 ,"It means to sing in a soft, intimate style, like Bing Crosby used to do",Croon
MUSIC,$400 ,"The name of this deep voice range is also used to describe a violin, a clef & a tuba",Bass
SPORTS,$200 ,"In this game, an entry sport to baseball, the batter hits the ball that rests atop a tube",T-ball
HISTORY,$200 ,"After years of war, Spain finally recognized this neighbor's independence in 1668",Portugal
HISTORY,$400 ,"From Menes to the Ptolemys, this country had more kings than any other in ancient history",Egypt
ANIMALS,$100 ,"Scooby-Doo, Goofy & Pluto are cartoon versions",dogs
ANIMALS,$200 ,"""Eager"" animal that symbolizes Canada",the beaver
ANIMALS,$300 ,"They include killers, humpbacks & sperms",whales
ANIMALS,$500 ,Tibetan ox used to carry travelers and mail,a yak
SPORTS,$100 ,"On May 22, 1999 this American scored her 108th goal, becoming the all-time leading scorer in int'l soccer",Mia Hamm
SPORTS,$200 ,"This fleet-footed Chicago Bear was named outstanding back in the Pro Bowl 3 times: 1967, 1968 & 1970",Gale Sayers
SPORTS,$300 ,"[Hi, I'm Kareem Abdul-Jabbar]  I won 6 NBA Most Valuable Player Awards during my career: 3 while playing with the Lakers & 3 with this team",Milwaukee Bucks
SPORTS,$400 ,"On Oct. 2, 1968 this Cardinal pitcher struck out 17 Detroit Tigers, a new World Series record",Bob Gibson
SPORTS,$500 ,"The top U.S. male tennis player of the 1970s, he's the only man to win more than 100 singles titles",Jimmy Connors
ANIMALS,$100 ,"An insect related to the housefly, but wingless, is the largest land animal native to this continent",Antarctica
ANIMALS,$200 ,"In buildings, Norway variety of this animal tends to live on lower floors while black kind lives upstairs",rats
ANIMALS,$300 ,"Used in medical research which established Rh factor, their export is now banned by India",rhesus monkeys
ANIMALS,$400 ,The gavial looks very much like a crocodile except for this bodily feature,the nose or snout
ANIMALS,$500 ,"With an estimated weight of over 2 tons, the largest nest on record was built by these birds",bald eagles
SPORTS,$100 ,This former Dodger manager threw out the first pitch in the Dodgers' 1997 opening game,Tommy Lasorda
SPORTS,$200 ,In 1997 this team won its first Stanley Cup in 42 years by completing a 4-game sweep of the Flyers,Detroit Red Wings
SPORTS,$300 ,Only Fran Tarkenton & this Miami Dolphins quarterback have thrown over 300 career touchdown passes,Dan Marino
SPORTS,$400 ,"On July 16, 1995 this American received her certificate of induction into the Int'l Tennis Hall Of Fame",Chris Evert
SPORTS,$500 ,"With 18, this sport's Larissa Latynina has more Olympic medals than any other person",gymnastics
HISTORY,$200 ,"Between 1850 & 1864, the Taiping Rebellion claimed an estimated 20,000,000 lives in this country",China
HISTORY,$400 ,The 1929 Lateran Treaty recognized the inherent sovereignty of this holy state,Vatican City
MUSIC,$400 ,"A score may say ""M.D."" for ""mano destra"" where it's suggested tha a pianist use this, even on low notes",right hand
MOVIES,$400 ,Ed Speleers plays the title farm boy-turned-dragon rider in this 2006 fantasy film,Eragon
HISTORY,$200 ,Disappointment with the Livonian War & suspected treasons in 1582 may have led this czar to order his 1st executions,Ivan the Terrible
ANIMALS,$100 ,"Called the ""King of the Terriers"", its original home was the valley of the river Aire",Airedale
ANIMALS,$200 ,"Like a lot of birds, the monarch butterfly does this in the winter",Migrate
ANIMALS,$300 ,"A camel's hump doesn't contain water, as once was thought, but this, for energy when food is scarce",Fat
ANIMALS,$400 ,"The only female deer with antlers, it uses them to dig in the snow for food",Reindeer
ANIMALS,$500 ,Marine creature whose zoological name is Hippocampus,Seahorse
HISTORY,$200 ,In 1712 this Russian czar moved his capital to St. Petersburg,Peter the Great
HISTORY,$400 ,"When Austria's Francis II abdicated August 6, 1806, this empire perished",Holy Roman Empire
SPORTS,$200 ,"On March 23, 1994 he scored his 802nd NHL goal, breaking Gordie Howe's career record",Wayne Gretzky
SPORTS,$400 ,In 1987 this 31-year-old Swede was inducted into the International Tennis Hall of Fame,Bjorn Borg
SPORTS,$100 ,At the 1988 Olympics the USSR won the gold for team foil in this sport,fencing
SPORTS,$200 ,"The Old Norse ""Skjota"", to shoot, gave us this word for a type of trapshooting",skeet
SPORTS,$300 ,"Among college football coaches, Paul Bryant was nickanmed Bear & G. Warner was nicknamed this","""Pop"""
SPORTS,$400 ,"According to Forbes Magazine, the 3 highest-paid athletes for 1990 compete in this sport",boxing
SPORTS,$500 ,In 1990 this Reds outfielder set a world series record with hits in 7 straight at-bats,Billy Hatcher
SPORTS,$100 ,Bob Hope says one of his favorites is the 16th at Cypress Point in Pebble Beach,a golf hole
SPORTS,$200 ,Spanish sport revived in China in 1986 with opening of a ring in the Zhejiang Province,bullfighting
SPORTS,$300 ,A machine called the Cyclops is now used for line calls in this sport,tennis
SPORTS,$400 ,"Sport in which you might leave a bucket, Christmas tree or picket fence",bowling
SPORTS,$500 ,"Jack Broughton, inventor of the modern boxing glove, is buried in this British landmark",Westminster Abbey
ANIMALS,$200 ,"Rarely seen to die of old age in the wild, it's mistakenly thought they have a secret graveyard",elephants
ANIMALS,$400 ,The biggest marsupials,kangaroos
SPORTS,$100 ,"Downhill is the most popular form of this sport, but many prefer cross-country",Skiing
SPORTS,$200 ,Mike Piazza's new $15 million contract with this L.A. team makes him the highest-paid baseball catcher,Los Angeles Dodgers
SPORTS,$300 ,In 1997 this Greek-American won his second Australian Open title,Pete Sampras
SPORTS,$400 ,In 1997 this commentator & former Bears coach was named head coach of the New Orleans Saints,Mike Ditka
SPORTS,$500 ,This American cyclist who retired in 1994 was the first non-European to win the Tour de France,Greg LeMond
HISTORY,$100 ,"7 years after crossing the Alps, he reached the gates of Rome with his troops in 211 B.C., but didn't get in",Hannibal
HISTORY,$200 ,"In 1533 Pizarro killed Atahualpa, the leader of these people",the Incas
HISTORY,$300 ,Ivan the Great made the great decision to gain independence from this group known as the Golden Horde,the Mongols
HISTORY,$400 ,In 1632 this lord founded the colony of Maryland,Lord Baltimore
HISTORY,$500 ,He succeeded Henry II as king of England in 1189 & was himself succeeded by John in 1199,Richard the Lionhearted
ANIMALS,$100 ,World Book says this type of bear has been seen on ice chunks as far south as the Gulf of St. Lawrence,Polar Bear
ANIMALS,$200 ,The largest freshwater species of this reptile in the U.S. is the alligator snapper,Turtle
ANIMALS,$300 ,The largest species of this American marsupial is the common or Virginia species,Possum
ANIMALS,$400 ,This ground squirrel is distinguished from others by its striped face,Chipmunk
ANIMALS,$500 ,"The largest & heaviest New World monkey, its characteristic roar can be heard for about 2 miles",Howler Monkey
MUSIC,$200 ,"A typical symphony orchestra has 32 of these instruments, but only 1 tuba",violins
MUSIC,$400 ,"An 1846 Berlioz work on ""The Damnation of"" this man goes back to the Goethe tale",Faust
SPORTS,$200 ,"This British sport using a bat & a ball is popular in Jamaica, the Bahamas & Trinidad & Tobago",Cricket
SPORTS,$400 ,Olympic wrestling style in which the wrestlers are forbidden to use their legs,Greco-Roman
ANIMALS,$100 ,The African rain forests are the natural habitat of these largest apes,Gorillas
ANIMALS,$200 ,The red kangaroo is among the largest of these pouched mammals,Marsupials
ANIMALS,$300 ,One of these mammals that inhabits the East Indies has a wingspan of over 5 1/2 feet,Bat
ANIMALS,$400 ,This spiny relative of the starfish is sometimes referred to as a sea hedgehog,Sea Urchin
ANIMALS,$500 ,This largest wild cat of the Americas looks similar to a leopard,Jaguar
SPORTS,$100 ,"On April 13, 1997 this 21-year-old golfer became the youngest to win the Masters",Tiger Woods
SPORTS,$300 ,"Gordie Howe's 1,687 games with this team is the most by a player on one team in the NHL",Detroit Red Wings
SPORTS,$400 ,The Johnny Petraglia Open & the AMF Dick Weber Classic have been major tournaments in this sport,Bowling
SPORTS,$500 ,This winter Olympic sport is contested in 2-man & 4-man events,Bobsled
SPORTS,$200 ,Only team that can score points in volleyball,serving team
SPORTS,$400 ,"Inventor of the boxing glove, English boxer Jack Broughton is commemorated in this regal resting palace",Westminster Abbey
HISTORY,$200 ,In 1791 this future French emperor became a lieutenant colonel in the Corsican National Guard,Napoleon
HISTORY,$400 ,Between the 800s and 1400s the Khmer had a Hindu-Buddhist kingdom with its capital in what is now this country,Cambodia
HISTORY,$100 ,It became a U.S. territory in 1900 & was attacked 18 years before becoming a state,Hawaii
HISTORY,$200 ,From 1954 to 1969 he was president of North Vietnam,Ho Chi Minh
HISTORY,$300 ,"The U.S. arsenal at this Shenandoah Valley location was raided October 16, 1859",Harper's Ferry
HISTORY,$400 ,"Roman emperor, 117-138, he built walls in Germany as well as in Britain",Hadrian
HISTORY,$500 ,Mode of protest used by Emmeline Pankhurst & Mohandas Gandhi while in jail,hunger strike
HISTORY,$200 ,"His second voyage, beginning in 1493, included visits to Jamaica & Puerto Rico",Christopher Columbus
HISTORY,$400 ,"In 1999 China confirmed that this girl really existed & served in China's army 1,300 years ago",Mulan
ANIMALS,$100 ,"Probably the 1st birds tamed, they weren't used as messengers but as meals",pigeons
ANIMALS,$200 ,"If Michael Jackson can't make a personal appearance, he may send Bubbles, one of these",a chimpanzee
ANIMALS,$300 ,The albatross' ritual for this includes preening & dancing; dinner & a movie wasn't listed,a mating ritual
ANIMALS,$500 ,"Of the creatures on Earth that have legs, most of them have this many",6
ANIMALS,$500 ,"The Dandie Dinmont, a dog in this group, was named after a farmer who raised them in ""Guy Mannering""",the terriers
MUSIC,$200 ,"In writing the light opera ""El Capitan"", this ""March King"" wrote a march of the same name",Sousa
MUSIC,$400 ,You hold your lips the same way to play a brass instrument or this exotic shell,a conch
HISTORY,$200 ,"In 47 B.C. he reported to the Romans on his victory at Zela, ""Veni, Vidi, Vici""",Julius Caesar
HISTORY,$400 ,"She was ruler of Russia when it fought 2 wars against the Ottoman Empire, 1768-1774 & 1787-1791",Catherine the Great
HISTORY,$200 ,Membership in this organization reached its height in 1934 with 58 countries,League of Nations
HISTORY,$400 ,In 1969 Georges Pompidou succeeded this man as president of France,Charles De Gaulle
HISTORY,$100 ,"1903's Treaty of Petropolis ""erased"" a South American dispute over an area rich in this plant resource",Rubber
HISTORY,$200 ,In 1931 the invading Japanese made this Chinese area a puppet state called Manchukuo,Manchuria
HISTORY,$300 ,"The limited Irish autonomy proposed by Isaac Butt around 1870 was called this type of ""rule""",Home Rule
HISTORY,$400 ,"Brugge in Flemish, this Belgian city's trade declined with the silting of the Zwyn River in the 1400s",Bruges
HISTORY,$500 ,"In 897 Pope Stephen VI had his predecessor Formosus exhumed, put on trial & thrown into this river",Tiber
MUSIC,$100 ,His 1995 Greatest Hits album features several new tracks with the E Street Band,Bruce Springsteen
MUSIC,$200 ,"It took 30 years & an album called ""Voodoo Lounge"" for this British group to win its first Grammy",The Rolling Stones
MUSIC,$300 ,"Fueled by a PBS special, this ""ET"" co-host's ""Live at Red Rocks"" album reached No. 1 on the New Age chart",John Tesh
MUSIC,$400 ,Marcia! Marcia! Marcia!  In 1995 this actress who played TV's Marcia Brady released a country album,Maureen McCormick
MUSIC,$500 ,"Paul Hewson, better known as Bono, is this group's lead singer",U2
SPORTS,$200 ,His 66 home runs in 1998 helped the Cubs to the playoffs for only the 3rd time in 53 years,Sammy Sosa
SPORTS,$400 ,A little birdie told us an eagle is a score this many under par on a hole,2
HISTORY,$200 ,"In 1963 a ""Hot Line"" emergency link went into effect between Washington, DC & this world city",Moscow
HISTORY,$400 ,"Jean Jacques Dessalines, brought to this island country as a slave, declared its independence in 1804",Haiti
MOVIES,$100 ,"Subtitled ""The Search for Spock""",Star Trek III
MOVIES,$200 ,Title describing Tom Cruise's precarious commercial enterprise,Risky Business
MOVIES,$300 ,Film where Lily Tomlin is really Steve Martin's better half,All of Me
MOVIES,$400 ,Mozart's middle name becomes a movie,Amadeus
MUSIC,$400 ,"In a Billy Joel hit, she's ""looking for a downtown man""",an Uptown Girl
ANIMALS,$100 ,A mosquito's hum is actually the sound made by these,its wings
ANIMALS,$200 ,"Though its name means ""Flemish cowherd"", a bouvier des flandres is a breed of this",dog
ANIMALS,$300 ,The only African bird of prey with terrestrial habits; it can't type or take dictation,the secretary bird
ANIMALS,$400 ,"The number of toes on the foot of a hippopotamus; especially the ones in Disney's ""Fantasia""",four
ANIMALS,$500 ,"Types of this aquatic creature include chimney, sheep's wool, and common bath",the sponge
HISTORY,$200 ,This czarina gave her lover Grigori Potemkin the Tauride Palace in St. Petersburg,Catherine the Great
HISTORY,$400 ,"1 of the 7 ancient wonders, the statue of this Greek god was destroyed by fire c. 475 A.D. in Constantinople",Zeus
HISTORY,$100 ,The storming of this prison in 1789 is one of the most famous events of the French Revolution,Bastille
HISTORY,$200 ,"This German earned the nickname ""The Desert Fox"" while commanding the Afrika Korps in WWII",Erwin Rommel
HISTORY,$300 ,"Even though it's been ""found"", this Peruvian ruin, seen here, is still called ""The Lost City of the Incas""",Machu Picchu
HISTORY,$400 ,"As queen of the Netherlands during WWI, she helped maintain Dutch neutrality",Wilhelmina
HISTORY,$500 ,"This ""Magnificent"" sultan, seen here, was the 10th ruler of the Ottoman Empire",Suleiman
ANIMALS,$100 ,"Sadly, this ""giant"" bearlike mammal of China is on the endangered list",Giant panda
ANIMALS,$200 ,Among the largest flying birds are the California & Andean species of these,Condor
ANIMALS,$300 ,This domesticated pack animal & its relative the alpaca were referred to as Peruvian sheep by the Spanish,Llama
ANIMALS,$400 ,The AKC classifies the miniature schnauzer as a breed within this dog group,Terrier
ANIMALS,$500 ,"Related to corals, this sea creature has been described as ""the best known of the so-called flower animals""",Sea anemone
HISTORY,$100 ,In 1982 this country's president Jose Lopez Portillo devalued the peso & nationalized the banks,Mexico
HISTORY,$200 ,"On July 5, 1945 he announced that ""The entire Philippine Islands are now liberated""",Douglas MacArthur
HISTORY,$300 ,In 1815 the Congress of Vienna guaranteed this country's neutrality,Switzerland
HISTORY,$400 ,"Elizabeth Petrovna, the daughter of this czar, became empress of Russia in 1741",Peter the Great
HISTORY,$500 ,This country formerly known as Dutch Guiana gained independence in 1975,Suriname
SPORTS,$200 ,This school's Cornhuskers won the 1995 college football title by overwhelming Florida in the Fiesta Bowl,Nebraska
SPORTS,$400 ,In 1980 the NHL's Atlanta Flames moved to this Canadian city,Calgary
ANIMALS,$100 ,"The beak of this flightless bird of Antarctica can be black, red, orange or bright purple",penguin
ANIMALS,$200 ,Buckskin was originally made from the mule & white-tailed species of this ungulate,deer
ANIMALS,$300 ,"A species of this insect, Apidae bumbus, ranges from above the Arctic Circle to as far south as Tierra del Fuego",bumblebee
ANIMALS,$400 ,"In a boon to lab research, in 1956 it was found that this ""golden"" rodent could be infected with the common cold",hamster
ANIMALS,$500 ,"This flightless South American bird often associates with guanacos, forming mixed herds",rhea
ANIMALS,$200 ,Muskrats & woodrats belong to this order of mammals,rodents
ANIMALS,$400 ,The Venus's flower basket is one of the most attractive of these porous aquatic creatures,a sponge
SPORTS,$100 ,"This Lakers star won a 1992 Grammy for the best spoken word album:  ""What You Can Do To Avoid AIDS""","Earvin ""Magic"" Johnson"
MUSIC,$100 ,"In a standard-size symphony orchestra, 35 of the 100 or more musicians may play this instrument",Violin
SPORTS,$200 ,"In the 24 seasons he's owned this team, George Steinbrenner has changed managers 20 times",New York Yankees
MUSIC,$200 ,"In the musical styles of this island, reggae came after ska & rock steady, mon",Jamaica
SPORTS,$300 ,"Between 1937 & 1950, this American boxer fought in 27 heavyweight title fights, winning 26",Joe Louis
MUSIC,$300 ,"In America this Italian term for ""master"" is applied only to conductors",Maestro
SPORTS,$400 ,In May 1995 this country's Black Magic yacht beat the Young America to win the America's Cup,New Zealand
MUSIC,$400 ,"In 1922 Ravel orchestrated ""Pictures At An Exhibition"", a suite Mussorgsky wrote for this instrument",Piano
SPORTS,$500 ,The backwards one-revolution jump in this sport is named for Ulrich Salchow,Figure Skating
MUSIC,$500 ,John Dowland was a notable Renaissance composer of pieces for this medieval stringed instrument,Lute
ANIMALS,$100 ,The Tiger Swallowtail & Zebra Swallowtail are species of this insect,Butterfly
ANIMALS,$200 ,These medicinal worms were once used to treat headaches & mental illnesses,Leeches
ANIMALS,$300 ,This rodent in the genus Neotoma is named for its habit of hoarding small objects,Pack rat
ANIMALS,$400 ,"Also called a warrigal, this wild dog is one of the few nonmarsupial mammals of Australia",Dingo
ANIMALS,$500 ,This catlike carnivore of Africa is valued for its musk,Civet
ANIMALS,$200 ,"On the squirrel monkey of South America, this may be 16 inches long",the tail
ANIMALS,$400 ,Animal that was the main staple of the Plains Indians economy,buffalo
HISTORY,$200 ,He became King of Jordan after his mentally ill father was deposed in 1952,King Hussein (I)
HISTORY,$400 ,The only first lady it ever had was a Mississippi aristocrat named Varina,The Confederacy
HISTORY,$200 ,"On Oct. 28, 1492 he landed at Cuba, first calling it Juana in honor of the Spanish rulers' daughter",Christopher Columbus
HISTORY,$400 ,"Tenochtitlan, capital of this empire, was founded in 1325 on an island in what was Lake Texcoco",Aztec
MUSIC,$200 ,"Vaughan Williams' ""Romance"" is for orchestra & this instrument you blow & suck air through",Harmonica
MUSIC,$400 ,"This German composer's ""Flying Dutchman"" took off after he expanded it from 1 act to 3",Richard Wagner
ANIMALS,$400 ,The laughing type of this doglike carnivore is a predator of big game but also scavanges for food,a hyena
ANIMALS,$100 ,It's the common term for the young of a whale as well as a cow,Calf
ANIMALS,$200 ,"Of a wild dog, a rabbit or a bird, what a jackdaw is",Bird
ANIMALS,$300 ,"This civet relative not only kills cobras but mice, rats & poultry as well",Mongoose
ANIMALS,$400 ,"These mollusks, not oysters, are the most common source for freshwater pearls",Mussels
ANIMALS,$500 ,"""Euell"" be glad to know these small apes are the only ones to habitually walk erect",Gibbons
MUSIC,$200 ,"The written notes for all the instruments and voices of a particular work, or Tigers 5  Yankees 3",Score
MUSIC,$400 ,"A concertino is a short concerto, and a concertina is a simple one of these instruments",Accordion
MOVIES,$100 ,"Composer profiled in ""Song Without End"" and ""Lisztomania""",Franz Liszt
MOVIES,$200 ,"In his first screen role since 1939, he won the 1975 Best Supporting Actor Oscar for ""The Sunshine Boys""",George Burns
MOVIES,$300 ,Director Norman Jewison's alliterative tale of a black infantry unit,A Soldier's Story
MOVIES,$400 ,"David Carradine was ""Bound for Glory"" playing this great folk singer",Woody Guthrie
MOVIES,$500 ,"For this Kipling story, John Huston first thought of Gable and Bogart, not Michael Caine and Sean Connery",The Man Who Would Be King
ANIMALS,$100 ,"The crab-eating one of these masked animals eats fish, fruit & frogs, too",raccoons
ANIMALS,$200 ,"Found in this state's Keys, the Key Deer is only about 2 1/2 feet tall",Florida
ANIMALS,$300 ,"Mason, miner & killer are 3 types of these insects",bees
ANIMALS,$400 ,The adjective feliform describes anything that resembles one of these animals,cat
ANIMALS,$500 ,Koalas & kangaroos belong to this order of mammals known for poorly developed young,marsupials
HISTORY,$200 ,Historic ones of these occurred on St. Bartholomew's Day in 1572 & St. Valentine's Day in 1929,massacres
HISTORY,$400 ,The officer who led the mutiny on the Bounty,Fletcher Christian
HISTORY,$200 ,"After James I granted Derry, Ireland to the citizens of London, it became known as this",Londonderry
HISTORY,$400 ,"Marino Faliero, who was the doge of this, led a plot to kill the nobles & was executed in 1355",Venice
SPORTS,$100 ,"On September 19, 1992 Sergei Bubka broke the world record in this event   for the 32nd time",the pole vault
SPORTS,$200 ,"Known as the ""Golden Bear"", he was the 1st golfer to win all 4 major titles at least twice",Jack Nicklaus
SPORTS,$300 ,Greco-Roman & freestyle are the 2 styles featured in this Olympic sport,wrestling
SPORTS,$400 ,In 1975 this college football bowl game moved from Tulane Stadium to the Louisiana Superdome,the Sugar Bowl
SPORTS,$500 ,It's the only NBA team in Ohio,the Cleveland Cavaliers
MUSIC,$200 ,"He wrote ""Rhapsody In Blue"" for jazz conductor Paul Whiteman's orchestra",George Gershwin
MUSIC,$400 ,The D'Oyly Carte Opera Company was founded to perform the works of this British duo,Gilbert & Sullivan
HISTORY,$200 ,These ancient people referred to themselves as Hellenes,Greeks
HISTORY,$400 ,"During the third of these military expeditions, the Palestinian ports of Acre & Jaffa were captured, but not Jerusalem",Crusades
